c1: Must be received in 14 days,a1: alert case manager,1248,all
c1: Must be received in 14 days,a1: alert case manager,1272,all
c1: Must be received in 14 days,a1: alert case manager,1296,all
c1: Must be received in 14 days,a1: alert case manager,1320,all
c1: Must be received in 14 days,a1: alert case manager,1344,all
c1: Must be received in 14 days,a1: alert case manager,1368,all
c1: Must be received in 14 days,a1: alert case manager,1392,all
c1: Must be received in 14 days,a1: alert case manager,1416,all
c1: Must be received in 14 days,a1: alert case manager,1440,all
c1: Must be received in 14 days,a1: alert case manager,1752,all
c1: Must be received in 14 days,a1: alert case manager,2040,all
c1: Must be received in 14 days,a1: alert case manager,2064,all
c1: Must be received in 14 days,a1: alert case manager,2352,all
c1: Must be received in 14 days,a1: alert case manager,2376,all
c1: Must be received in 14 days,a1: alert case manager,2400,all
c1: Must be received in 14 days,a1: alert case manager,2520,all
c1: Must be received in 14 days,a1: alert case manager,2592,all
c1: Must be received in 14 days,a1: alert case manager,3192,all
c1: Must be received in 14 days,a1: alert case manager,3240,all
c1: Must be received in 14 days,a1: alert case manager,3264,all
c1: Must be received in 14 days,a1: alert case manager,3288,all
c1: Must be received in 14 days,a1: alert case manager,3360,all
c1: Must be received in 14 days,a1: alert case manager,3384,all
c1: Must be received in 14 days,a1: alert case manager,3408,all
c1: Must be received in 14 days,a1: alert case manager,3504,all
c1: Must be received in 14 days,a1: alert case manager,4224,all
c1: Must be received in 14 days,a1: alert case manager,4608,all
c1: Must be received in 14 days,a1: alert case manager,4632,all
c1: Must be received in 14 days,a1: alert case manager,4752,all
c1: Must be received in 14 days,a1: alert case manager,4776,all
c1: Must be received in 14 days,a1: alert case manager,5712,all
c1: Must be received in 14 days,a1: alert case manager,5736,all
c1: Must be received in 14 days,a1: alert case manager,5760,all
c1: Must be received in 14 days,a1: alert case manager,5784,all
c1: Must be received in 14 days,a1: alert case manager,6744,all
c1: Must be received in 14 days,a1: alert case manager,8400,all
c1: Must be received in 14 days,a1: alert case manager,8880,all
c1: Must be received in 14 days,a1: alert case manager,8904,all
c1: Must be received in 14 days,a1: alert case manager,8928,all
c1: Must be received in 14 days,a1: alert case manager,8952,all
c1: Must be received in 14 days,a1: alert case manager,8976,all
c1: Must be received in 14 days,a1: alert case manager,9048,all
