c1: Must be received in 14 days,a1: alert case manager,840,all
c1: Must be received in 14 days,a1: alert case manager,864,all
c1: Must be received in 14 days,a1: alert case manager,888,all
c1: Must be received in 14 days,a1: alert case manager,912,all
c1: Must be received in 14 days,a1: alert case manager,936,all
c1: Must be received in 14 days,a1: alert case manager,960,all
c1: Must be received in 14 days,a1: alert case manager,984,all
c1: Must be received in 14 days,a1: alert case manager,1008,all
c1: Must be received in 14 days,a1: alert case manager,1032,all
c1: Must be received in 14 days,a1: alert case manager,1056,all
c1: Must be received in 14 days,a1: alert case manager,1080,all
c1: Must be received in 14 days,a1: alert case manager,1104,all
c1: Must be received in 14 days,a1: alert case manager,1128,all
c1: Must be received in 14 days,a1: alert case manager,1152,all
c1: Must be received in 14 days,a1: alert case manager,1176,all
c1: Must be received in 14 days,a1: alert case manager,1200,all
c1: Must be received in 14 days,a1: alert case manager,1224,all
c1: Must be received in 14 days,a1: alert case manager,1248,all
c1: Must be received in 14 days,a1: alert case manager,1272,all
c1: Must be received in 14 days,a1: alert case manager,1296,all
c1: Must be received in 14 days,a1: alert case manager,1320,all
c1: Must be received in 14 days,a1: alert case manager,1344,all
c1: Must be received in 14 days,a1: alert case manager,1368,all
c1: Must be received in 14 days,a1: alert case manager,1392,all
c1: Must be received in 14 days,a1: alert case manager,1416,all
c1: Must be received in 14 days,a1: alert case manager,1440,all
c1: Must be received in 14 days,a1: alert case manager,1464,all
c1: Must be received in 14 days,a1: alert case manager,1488,all
c1: Must be received in 14 days,a1: alert case manager,1512,all
c1: Must be received in 14 days,a1: alert case manager,1536,all
c1: Must be received in 14 days,a1: alert case manager,1560,all
c1: Must be received in 14 days,a1: alert case manager,1584,all
c1: Must be received in 14 days,a1: alert case manager,1608,all
c1: Must be received in 14 days,a1: alert case manager,1632,all
c1: Must be received in 14 days,a1: alert case manager,1656,all
c1: Must be received in 14 days,a1: alert case manager,1680,all
c1: Must be received in 14 days,a1: alert case manager,1704,all
c1: Must be received in 14 days,a1: alert case manager,1728,all
c1: Must be received in 14 days,a1: alert case manager,1752,all
c1: Must be received in 14 days,a1: alert case manager,1776,all
c1: Must be received in 14 days,a1: alert case manager,1800,all
c1: Must be received in 14 days,a1: alert case manager,1824,all
c1: Must be received in 14 days,a1: alert case manager,1848,all
c1: Must be received in 14 days,a1: alert case manager,1872,all
c1: Must be received in 14 days,a1: alert case manager,1896,all
c1: Must be received in 14 days,a1: alert case manager,1920,all
c1: Must be received in 14 days,a1: alert case manager,1944,all
c1: Must be received in 14 days,a1: alert case manager,1968,all
c1: Must be received in 14 days,a1: alert case manager,1992,all
c1: Must be received in 14 days,a1: alert case manager,2016,all
c1: Must be received in 14 days,a1: alert case manager,2040,all
c1: Must be received in 14 days,a1: alert case manager,2064,all
c1: Must be received in 14 days,a1: alert case manager,2088,all
c1: Must be received in 14 days,a1: alert case manager,2112,all
c1: Must be received in 14 days,a1: alert case manager,2136,all
c1: Must be received in 14 days,a1: alert case manager,2160,all
c1: Must be received in 14 days,a1: alert case manager,2184,all
c1: Must be received in 14 days,a1: alert case manager,2208,all
c1: Must be received in 14 days,a1: alert case manager,2232,all
c1: Must be received in 14 days,a1: alert case manager,2256,all
c1: Must be received in 14 days,a1: alert case manager,2280,all
c1: Must be received in 14 days,a1: alert case manager,2304,all
c1: Must be received in 14 days,a1: alert case manager,2328,all
c1: Must be received in 14 days,a1: alert case manager,2352,all
c1: Must be received in 14 days,a1: alert case manager,2376,all
c1: Must be received in 14 days,a1: alert case manager,2400,all
c1: Must be received in 14 days,a1: alert case manager,2424,all
c1: Must be received in 14 days,a1: alert case manager,2448,all
c1: Must be received in 14 days,a1: alert case manager,2472,all
c1: Must be received in 14 days,a1: alert case manager,2496,all
c1: Must be received in 14 days,a1: alert case manager,2520,all
c1: Must be received in 14 days,a1: alert case manager,2544,all
c1: Must be received in 14 days,a1: alert case manager,2568,all
c1: Must be received in 14 days,a1: alert case manager,2592,all
c1: Must be received in 14 days,a1: alert case manager,2616,all
c1: Must be received in 14 days,a1: alert case manager,2640,all
c1: Must be received in 14 days,a1: alert case manager,2664,all
c1: Must be received in 14 days,a1: alert case manager,2688,all
c1: Must be received in 14 days,a1: alert case manager,2712,all
c1: Must be received in 14 days,a1: alert case manager,2736,all
c1: Must be received in 14 days,a1: alert case manager,2760,all
c1: Must be received in 14 days,a1: alert case manager,2784,all
c1: Must be received in 14 days,a1: alert case manager,2808,all
c1: Must be received in 14 days,a1: alert case manager,2832,all
c1: Must be received in 14 days,a1: alert case manager,2856,all
c1: Must be received in 14 days,a1: alert case manager,2880,all
c1: Must be received in 14 days,a1: alert case manager,2904,all
c1: Must be received in 14 days,a1: alert case manager,2928,all
c1: Must be received in 14 days,a1: alert case manager,2952,all
c1: Must be received in 14 days,a1: alert case manager,2976,all
c1: Must be received in 14 days,a1: alert case manager,3000,all
c1: Must be received in 14 days,a1: alert case manager,3024,all
c1: Must be received in 14 days,a1: alert case manager,3048,all
c1: Must be received in 14 days,a1: alert case manager,3072,all
c1: Must be received in 14 days,a1: alert case manager,3096,all
c1: Must be received in 14 days,a1: alert case manager,3120,all
c1: Must be received in 14 days,a1: alert case manager,3144,all
c1: Must be received in 14 days,a1: alert case manager,3168,all
c1: Must be received in 14 days,a1: alert case manager,3192,all
c1: Must be received in 14 days,a1: alert case manager,3216,all
c1: Must be received in 14 days,a1: alert case manager,3240,all
c1: Must be received in 14 days,a1: alert case manager,3264,all
c1: Must be received in 14 days,a1: alert case manager,3288,all
c1: Must be received in 14 days,a1: alert case manager,3312,all
c1: Must be received in 14 days,a1: alert case manager,3336,all
c1: Must be received in 14 days,a1: alert case manager,3360,all
c1: Must be received in 14 days,a1: alert case manager,3384,all
c1: Must be received in 14 days,a1: alert case manager,3408,all
c1: Must be received in 14 days,a1: alert case manager,3432,all
c1: Must be received in 14 days,a1: alert case manager,3456,all
c1: Must be received in 14 days,a1: alert case manager,3480,all
c1: Must be received in 14 days,a1: alert case manager,3504,all
c1: Must be received in 14 days,a1: alert case manager,3528,all
c1: Must be received in 14 days,a1: alert case manager,3552,all
c1: Must be received in 14 days,a1: alert case manager,3576,all
c1: Must be received in 14 days,a1: alert case manager,3600,all
c1: Must be received in 14 days,a1: alert case manager,3624,all
c1: Must be received in 14 days,a1: alert case manager,3648,all
c1: Must be received in 14 days,a1: alert case manager,3672,all
c1: Must be received in 14 days,a1: alert case manager,3696,all
c1: Must be received in 14 days,a1: alert case manager,3720,all
c1: Must be received in 14 days,a1: alert case manager,3744,all
c1: Must be received in 14 days,a1: alert case manager,3768,all
c1: Must be received in 14 days,a1: alert case manager,3792,all
c1: Must be received in 14 days,a1: alert case manager,3816,all
c1: Must be received in 14 days,a1: alert case manager,3840,all
c1: Must be received in 14 days,a1: alert case manager,3864,all
c1: Must be received in 14 days,a1: alert case manager,3888,all
c1: Must be received in 14 days,a1: alert case manager,3912,all
c1: Must be received in 14 days,a1: alert case manager,3936,all
c1: Must be received in 14 days,a1: alert case manager,3960,all
c1: Must be received in 14 days,a1: alert case manager,3984,all
c1: Must be received in 14 days,a1: alert case manager,4008,all
c1: Must be received in 14 days,a1: alert case manager,4032,all
c1: Must be received in 14 days,a1: alert case manager,4056,all
c1: Must be received in 14 days,a1: alert case manager,4080,all
c1: Must be received in 14 days,a1: alert case manager,4104,all
c1: Must be received in 14 days,a1: alert case manager,4128,all
c1: Must be received in 14 days,a1: alert case manager,4152,all
c1: Must be received in 14 days,a1: alert case manager,4176,all
c1: Must be received in 14 days,a1: alert case manager,4200,all
c1: Must be received in 14 days,a1: alert case manager,4224,all
c1: Must be received in 14 days,a1: alert case manager,4248,all
c1: Must be received in 14 days,a1: alert case manager,4272,all
c1: Must be received in 14 days,a1: alert case manager,4296,all
c1: Must be received in 14 days,a1: alert case manager,4320,all
c1: Must be received in 14 days,a1: alert case manager,4536,all
c1: Must be received in 14 days,a1: alert case manager,4584,all
c1: Must be received in 14 days,a1: alert case manager,4608,all
c1: Must be received in 14 days,a1: alert case manager,4632,all
c1: Must be received in 14 days,a1: alert case manager,4656,all
c1: Must be received in 14 days,a1: alert case manager,4680,all
c1: Must be received in 14 days,a1: alert case manager,4704,all
c1: Must be received in 14 days,a1: alert case manager,4728,all
c1: Must be received in 14 days,a1: alert case manager,4752,all
c1: Must be received in 14 days,a1: alert case manager,4776,all
c1: Must be received in 14 days,a1: alert case manager,4800,all
c1: Must be received in 14 days,a1: alert case manager,4824,all
c1: Must be received in 14 days,a1: alert case manager,4848,all
c1: Must be received in 14 days,a1: alert case manager,4872,all
c1: Must be received in 14 days,a1: alert case manager,4896,all
c1: Must be received in 14 days,a1: alert case manager,4920,all
c1: Must be received in 14 days,a1: alert case manager,4944,all
c1: Must be received in 14 days,a1: alert case manager,4968,all
c1: Must be received in 14 days,a1: alert case manager,4992,all
c1: Must be received in 14 days,a1: alert case manager,5016,all
c1: Must be received in 14 days,a1: alert case manager,5040,all
c1: Must be received in 14 days,a1: alert case manager,5064,all
c1: Must be received in 14 days,a1: alert case manager,5088,all
c1: Must be received in 14 days,a1: alert case manager,5112,all
c1: Must be received in 14 days,a1: alert case manager,5136,all
c1: Must be received in 14 days,a1: alert case manager,5160,all
c1: Must be received in 14 days,a1: alert case manager,5184,all
c1: Must be received in 14 days,a1: alert case manager,5208,all
c1: Must be received in 14 days,a1: alert case manager,5232,all
c1: Must be received in 14 days,a1: alert case manager,5256,all
c1: Must be received in 14 days,a1: alert case manager,5280,all
c1: Must be received in 14 days,a1: alert case manager,5304,all
c1: Must be received in 14 days,a1: alert case manager,5328,all
c1: Must be received in 14 days,a1: alert case manager,5352,all
c1: Must be received in 14 days,a1: alert case manager,5376,all
c1: Must be received in 14 days,a1: alert case manager,5400,all
c1: Must be received in 14 days,a1: alert case manager,5424,all
c1: Must be received in 14 days,a1: alert case manager,5448,all
c1: Must be received in 14 days,a1: alert case manager,5472,all
c1: Must be received in 14 days,a1: alert case manager,5496,all
c1: Must be received in 14 days,a1: alert case manager,5520,all
c1: Must be received in 14 days,a1: alert case manager,5544,all
c1: Must be received in 14 days,a1: alert case manager,5568,all
c1: Must be received in 14 days,a1: alert case manager,5592,all
c1: Must be received in 14 days,a1: alert case manager,5616,all
c1: Must be received in 14 days,a1: alert case manager,5640,all
c1: Must be received in 14 days,a1: alert case manager,5712,all
c1: Must be received in 14 days,a1: alert case manager,5736,all
c1: Must be received in 14 days,a1: alert case manager,5760,all
c1: Must be received in 14 days,a1: alert case manager,5784,all
c1: Must be received in 14 days,a1: alert case manager,5808,all
c1: Must be received in 14 days,a1: alert case manager,5832,all
c1: Must be received in 14 days,a1: alert case manager,5856,all
c1: Must be received in 14 days,a1: alert case manager,5880,all
c1: Must be received in 14 days,a1: alert case manager,5904,all
c1: Must be received in 14 days,a1: alert case manager,5928,all
c1: Must be received in 14 days,a1: alert case manager,5952,all
c1: Must be received in 14 days,a1: alert case manager,5976,all
c1: Must be received in 14 days,a1: alert case manager,6000,all
c1: Must be received in 14 days,a1: alert case manager,6024,all
c1: Must be received in 14 days,a1: alert case manager,6048,all
c1: Must be received in 14 days,a1: alert case manager,6072,all
c1: Must be received in 14 days,a1: alert case manager,6096,all
c1: Must be received in 14 days,a1: alert case manager,6120,all
c1: Must be received in 14 days,a1: alert case manager,6144,all
c1: Must be received in 14 days,a1: alert case manager,6168,all
c1: Must be received in 14 days,a1: alert case manager,6192,all
c1: Must be received in 14 days,a1: alert case manager,6216,all
c1: Must be received in 14 days,a1: alert case manager,6240,all
c1: Must be received in 14 days,a1: alert case manager,6432,all
c1: Must be received in 14 days,a1: alert case manager,6456,all
c1: Must be received in 14 days,a1: alert case manager,6480,all
c1: Must be received in 14 days,a1: alert case manager,6504,all
c1: Must be received in 14 days,a1: alert case manager,6528,all
c1: Must be received in 14 days,a1: alert case manager,6552,all
c1: Must be received in 14 days,a1: alert case manager,6576,all
c1: Must be received in 14 days,a1: alert case manager,6600,all
c1: Must be received in 14 days,a1: alert case manager,6624,all
c1: Must be received in 14 days,a1: alert case manager,6696,all
c1: Must be received in 14 days,a1: alert case manager,6720,all
c1: Must be received in 14 days,a1: alert case manager,6744,all
c1: Must be received in 14 days,a1: alert case manager,6768,all
c1: Must be received in 14 days,a1: alert case manager,6792,all
c1: Must be received in 14 days,a1: alert case manager,6816,all
c1: Must be received in 14 days,a1: alert case manager,7104,all
c1: Must be received in 14 days,a1: alert case manager,7128,all
c1: Must be received in 14 days,a1: alert case manager,7224,all
c1: Must be received in 14 days,a1: alert case manager,7248,all
c1: Must be received in 14 days,a1: alert case manager,7272,all
c1: Must be received in 14 days,a1: alert case manager,7296,all
c1: Must be received in 14 days,a1: alert case manager,7344,all
c1: Must be received in 14 days,a1: alert case manager,7368,all
c1: Must be received in 14 days,a1: alert case manager,7392,all
c1: Must be received in 14 days,a1: alert case manager,7416,all
c1: Must be received in 14 days,a1: alert case manager,7440,all
c1: Must be received in 14 days,a1: alert case manager,7464,all
c1: Must be received in 14 days,a1: alert case manager,7488,all
c1: Must be received in 14 days,a1: alert case manager,7512,all
c1: Must be received in 14 days,a1: alert case manager,7536,all
c1: Must be received in 14 days,a1: alert case manager,7560,all
c1: Must be received in 14 days,a1: alert case manager,7584,all
c1: Must be received in 14 days,a1: alert case manager,7608,all
c1: Must be received in 14 days,a1: alert case manager,7632,all
c1: Must be received in 14 days,a1: alert case manager,7752,all
c1: Must be received in 14 days,a1: alert case manager,7896,all
c1: Must be received in 14 days,a1: alert case manager,7920,all
c1: Must be received in 14 days,a1: alert case manager,7992,all
c1: Must be received in 14 days,a1: alert case manager,8016,all
c1: Must be received in 14 days,a1: alert case manager,8040,all
c1: Must be received in 14 days,a1: alert case manager,8064,all
c1: Must be received in 14 days,a1: alert case manager,8088,all
c1: Must be received in 14 days,a1: alert case manager,8208,all
c1: Must be received in 14 days,a1: alert case manager,8256,all
c1: Must be received in 14 days,a1: alert case manager,8280,all
c1: Must be received in 14 days,a1: alert case manager,8304,all
c1: Must be received in 14 days,a1: alert case manager,8328,all
c1: Must be received in 14 days,a1: alert case manager,8352,all
c1: Must be received in 14 days,a1: alert case manager,8376,all
c1: Must be received in 14 days,a1: alert case manager,8400,all
c1: Must be received in 14 days,a1: alert case manager,8424,all
c1: Must be received in 14 days,a1: alert case manager,8448,all
c1: Must be received in 14 days,a1: alert case manager,8472,all
c1: Must be received in 14 days,a1: alert case manager,8496,all
c1: Must be received in 14 days,a1: alert case manager,8520,all
c1: Must be received in 14 days,a1: alert case manager,8544,all
c1: Must be received in 14 days,a1: alert case manager,8568,all
c1: Must be received in 14 days,a1: alert case manager,8592,all
c1: Must be received in 14 days,a1: alert case manager,8616,all
c1: Must be received in 14 days,a1: alert case manager,8640,all
c1: Must be received in 14 days,a1: alert case manager,8664,all
c1: Must be received in 14 days,a1: alert case manager,8688,all
c1: Must be received in 14 days,a1: alert case manager,8712,all
c1: Must be received in 14 days,a1: alert case manager,8736,all
c1: Must be received in 14 days,a1: alert case manager,8760,all
c1: Must be received in 14 days,a1: alert case manager,8784,all
c1: Must be received in 14 days,a1: alert case manager,8808,all
c1: Must be received in 14 days,a1: alert case manager,9072,all
c1: Must be received in 14 days,a1: alert case manager,9240,all
c1: Must be received in 14 days,a1: alert case manager,1248,all
c1: Must be received in 14 days,a1: alert case manager,1272,all
c1: Must be received in 14 days,a1: alert case manager,1296,all
c1: Must be received in 14 days,a1: alert case manager,1320,all
c1: Must be received in 14 days,a1: alert case manager,1344,all
c1: Must be received in 14 days,a1: alert case manager,1368,all
c1: Must be received in 14 days,a1: alert case manager,1392,all
c1: Must be received in 14 days,a1: alert case manager,1416,all
c1: Must be received in 14 days,a1: alert case manager,1440,all
c1: Must be received in 14 days,a1: alert case manager,1752,all
c1: Must be received in 14 days,a1: alert case manager,2040,all
c1: Must be received in 14 days,a1: alert case manager,2064,all
c1: Must be received in 14 days,a1: alert case manager,2352,all
c1: Must be received in 14 days,a1: alert case manager,2376,all
c1: Must be received in 14 days,a1: alert case manager,2400,all
c1: Must be received in 14 days,a1: alert case manager,2520,all
c1: Must be received in 14 days,a1: alert case manager,2592,all
c1: Must be received in 14 days,a1: alert case manager,3192,all
c1: Must be received in 14 days,a1: alert case manager,3240,all
c1: Must be received in 14 days,a1: alert case manager,3264,all
c1: Must be received in 14 days,a1: alert case manager,3288,all
c1: Must be received in 14 days,a1: alert case manager,3360,all
c1: Must be received in 14 days,a1: alert case manager,3384,all
c1: Must be received in 14 days,a1: alert case manager,3408,all
c1: Must be received in 14 days,a1: alert case manager,3504,all
c1: Must be received in 14 days,a1: alert case manager,4224,all
c1: Must be received in 14 days,a1: alert case manager,4608,all
c1: Must be received in 14 days,a1: alert case manager,4632,all
c1: Must be received in 14 days,a1: alert case manager,4752,all
c1: Must be received in 14 days,a1: alert case manager,4776,all
c1: Must be received in 14 days,a1: alert case manager,5712,all
c1: Must be received in 14 days,a1: alert case manager,5736,all
c1: Must be received in 14 days,a1: alert case manager,5760,all
c1: Must be received in 14 days,a1: alert case manager,5784,all
c1: Must be received in 14 days,a1: alert case manager,6744,all
c1: Must be received in 14 days,a1: alert case manager,8400,all
c1: Must be received in 14 days,a1: alert case manager,8880,all
c1: Must be received in 14 days,a1: alert case manager,8904,all
c1: Must be received in 14 days,a1: alert case manager,8928,all
c1: Must be received in 14 days,a1: alert case manager,8952,all
c1: Must be received in 14 days,a1: alert case manager,8976,all
c1: Must be received in 14 days,a1: alert case manager,9048,all
